ID,filename,orig_w,orig_h,orig_tile_w,orig_tile_h,scaled_w,scaled_h,scaled_tile_w,scaled_tile_h,tissue_percentage,num_col_tiles,num_row_tiles,tile_num,row,col,row_start,row_end,column_start,column_end,orig_row_start,orig_row_end,orig_column_start,orig_column_end,tile_tissue_score,tile_filename,pattern_label,pattern_prob,tils_label,tils_prob
Kindai_0041,KK_41,69632,53760,2944,2944,2176,1680,92,92,26.256783963585434,24,19,1,1,1,0,92,0,92,0,2944,0,2944,0.0,,,,,
Kindai_0041,KK_41,69632,53760,2944,2944,2176,1680,92,92,26.256783963585434,24,19,2,1,2,0,92,92,184,0,2944,2944,5888,0.0,,,,,
Kindai_0041,KK_41,69632,53760,2944,2944,2176,1680,92,92,26.256783963585434,24,19,3,1,3,0,92,184,276,0,2944,5888,8832,0.0,,,,,
Kindai_0041,KK_41,69632,53760,2944,2944,2176,1680,92,92,26.256783963585434,24,19,4,1,4,0,92,276,368,0,2944,8832,11776,0.0,,,,,
Kindai_0041,KK_41,69632,53760,2944,2944,2176,1680,92,92,26.256783963585434,24,19,5,1,5,0,92,368,460,0,2944,11776,14720,0.0,,,,,
Kindai_0041,KK_41,69632,53760,2944,2944,2176,1680,92,92,26.256783963585434,24,19,6,1,6,0,92,460,552,0,2944,14720,17664,0.0,,,,,
Kindai_0041,KK_41,69632,53760,2944,2944,2176,1680,92,92,26.256783963585434,24,19,7,1,7,0,92,552,644,0,2944,17664,20608,0.0,,,,,
Kindai_0041,KK_41,69632,53760,2944,2944,2176,1680,92,92,26.256783963585434,24,19,8,1,8,0,92,644,736,0,2944,20608,23552,0.0,,,,,
Kindai_0041,KK_41,69632,53760,2944,2944,2176,1680,92,92,26.256783963585434,24,19,9,1,9,0,92,736,828,0,2944,23552,26496,0.0,,,,,
Kindai_0041,KK_41,69632,53760,2944,2944,2176,1680,92,92,26.256783963585434,24,19,10,1,10,0,92,828,920,0,2944,26496,29440,0.0,,,,,
Kindai_0041,KK_41,69632,53760,2944,2944,2176,1680,92,92,26.256783963585434,24,19,11,1,11,0,92,920,1012,0,2944,29440,32384,0.0,,,,,
Kindai_0041,KK_41,69632,53760,2944,2944,2176,1680,92,92,26.256783963585434,24,19,12,1,12,0,92,1012,1104,0,2944,32384,35328,0.0,,,,,
Kindai_0041,KK_41,69632,53760,2944,2944,2176,1680,92,92,26.256783963585434,24,19,13,1,13,0,92,1104,1196,0,2944,35328,38272,0.0,,,,,
Kindai_0041,KK_41,69632,53760,2944,2944,2176,1680,92,92,26.256783963585434,24,19,14,1,14,0,92,1196,1288,0,2944,38272,41216,0.0,,,,,
Kindai_0041,KK_41,69632,53760,2944,2944,2176,1680,92,92,26.256783963585434,24,19,15,1,15,0,92,1288,1380,0,2944,41216,44160,0.0,,,,,
Kindai_0041,KK_41,69632,53760,2944,2944,2176,1680,92,92,26.256783963585434,24,19,16,1,16,0,92,1380,1472,0,2944,44160,47104,0.0,,,,,
Kindai_0041,KK_41,69632,53760,2944,2944,2176,1680,92,92,26.256783963585434,24,19,17,1,17,0,92,1472,1564,0,2944,47104,50048,0.0,,,,,
Kindai_0041,KK_41,69632,53760,2944,2944,2176,1680,92,92,26.256783963585434,24,19,18,1,18,0,92,1564,1656,0,2944,50048,52992,0.0,,,,,
Kindai_0041,KK_41,69632,53760,2944,2944,2176,1680,92,92,26.256783963585434,24,19,19,1,19,0,92,1656,1748,0,2944,52992,55936,0.10656899810964092,,,,,
Kindai_0041,KK_41,69632,53760,2944,2944,2176,1680,92,92,26.256783963585434,24,19,20,1,20,0,92,1748,1840,0,2944,55936,58880,0.1827741020793951,,,,,
Kindai_0041,KK_41,69632,53760,2944,2944,2176,1680,92,92,26.256783963585434,24,19,21,1,21,0,92,1840,1932,0,2944,58880,61824,0.21668241965973536,,,,,
Kindai_0041,KK_41,69632,53760,2944,2944,2176,1680,92,92,26.256783963585434,24,19,22,1,22,0,92,1932,2024,0,2944,61824,64768,0.0037807183364839147,,,,,
Kindai_0041,KK_41,69632,53760,2944,2944,2176,1680,92,92,26.256783963585434,24,19,23,1,23,0,92,2024,2116,0,2944,64768,67712,0.0,,,,,
Kindai_0041,KK_41,69632,53760,2944,2944,2176,1680,92,92,26.256783963585434,24,19,24,1,24,0,92,2116,2176,0,2944,67712,69632,0.0,,,,,
Kindai_0041,KK_41,69632,53760,2944,2944,2176,1680,92,92,26.256783963585434,24,19,25,2,1,92,184,0,92,2944,5888,0,2944,0.0,,,,,
Kindai_0041,KK_41,69632,53760,2944,2944,2176,1680,92,92,26.256783963585434,24,19,26,2,2,92,184,92,184,2944,5888,2944,5888,0.0,,,,,
Kindai_0041,KK_41,69632,53760,2944,2944,2176,1680,92,92,26.256783963585434,24,19,27,2,3,92,184,184,276,2944,5888,5888,8832,0.0,,,,,
Kindai_0041,KK_41,69632,53760,2944,2944,2176,1680,92,92,26.256783963585434,24,19,28,2,4,92,184,276,368,2944,5888,8832,11776,0.0,,,,,
Kindai_0041,KK_41,69632,53760,2944,2944,2176,1680,92,92,26.256783963585434,24,19,29,2,5,92,184,368,460,2944,5888,11776,14720,0.0,,,,,
Kindai_0041,KK_41,69632,53760,2944,2944,2176,1680,92,92,26.256783963585434,24,19,30,2,6,92,184,460,552,2944,5888,14720,17664,0.0,,,,,
Kindai_0041,KK_41,69632,53760,2944,2944,2176,1680,92,92,26.256783963585434,24,19,31,2,7,92,184,552,644,2944,5888,17664,20608,0.0,,,,,
Kindai_0041,KK_41,69632,53760,2944,2944,2176,1680,92,92,26.256783963585434,24,19,32,2,8,92,184,644,736,2944,5888,20608,23552,0.0,,,,,
Kindai_0041,KK_41,69632,53760,2944,2944,2176,1680,92,92,26.256783963585434,24,19,33,2,9,92,184,736,828,2944,5888,23552,26496,0.0,,,,,
Kindai_0041,KK_41,69632,53760,2944,2944,2176,1680,92,92,26.256783963585434,24,19,34,2,10,92,184,828,920,2944,5888,26496,29440,0.0,,,,,
Kindai_0041,KK_41,69632,53760,2944,2944,2176,1680,92,92,26.256783963585434,24,19,35,2,11,92,184,920,1012,2944,5888,29440,32384,0.0,,,,,
Kindai_0041,KK_41,69632,53760,2944,2944,2176,1680,92,92,26.256783963585434,24,19,36,2,12,92,184,1012,1104,2944,5888,32384,35328,0.0,,,,,
Kindai_0041,KK_41,69632,53760,2944,2944,2176,1680,92,92,26.256783963585434,24,19,37,2,13,92,184,1104,1196,2944,5888,35328,38272,0.009333648393194664,,,,,
Kindai_0041,KK_41,69632,53760,2944,2944,2176,1680,92,92,26.256783963585434,24,19,38,2,14,92,184,1196,1288,2944,5888,38272,41216,0.056356332703213635,,,,,
Kindai_0041,KK_41,69632,53760,2944,2944,2176,1680,92,92,26.256783963585434,24,19,39,2,15,92,184,1288,1380,2944,5888,41216,44160,0.0,,,,,
Kindai_0041,KK_41,69632,53760,2944,2944,2176,1680,92,92,26.256783963585434,24,19,40,2,16,92,184,1380,1472,2944,5888,44160,47104,0.14555765595463144,,,,,
Kindai_0041,KK_41,69632,53760,2944,2944,2176,1680,92,92,26.256783963585434,24,19,41,2,17,92,184,1472,1564,2944,5888,47104,50048,0.0923913043478261,,,,,
Kindai_0041,KK_41,69632,53760,2944,2944,2176,1680,92,92,26.256783963585434,24,19,42,2,18,92,184,1564,1656,2944,5888,50048,52992,0.2474007561436673,,,,,
Kindai_0041,KK_41,69632,53760,2944,2944,2176,1680,92,92,26.256783963585434,24,19,43,2,19,92,184,1656,1748,2944,5888,52992,55936,0.780836483931947,,,,,
Kindai_0041,KK_41,69632,53760,2944,2944,2176,1680,92,92,26.256783963585434,24,19,44,2,20,92,184,1748,1840,2944,5888,55936,58880,0.9370274102079396,0041/Kindai_0041-tile-r2c20.jpg,PG,0.99991846,0.0,1.0
Kindai_0041,KK_41,69632,53760,2944,2944,2176,1680,92,92,26.256783963585434,24,19,45,2,21,92,184,1840,1932,2944,5888,58880,61824,0.9710538752362949,0041/Kindai_0041-tile-r2c21.jpg,PG,0.99995816,0.0,1.0
Kindai_0041,KK_41,69632,53760,2944,2944,2176,1680,92,92,26.256783963585434,24,19,46,2,22,92,184,1932,2024,2944,5888,61824,64768,0.8122637051039697,0041/Kindai_0041-tile-r2c22.jpg,UD,0.918499,0.0,0.9999912
Kindai_0041,KK_41,69632,53760,2944,2944,2176,1680,92,92,26.256783963585434,24,19,47,2,23,92,184,2024,2116,2944,5888,64768,67712,0.3055293005671078,,,,,
Kindai_0041,KK_41,69632,53760,2944,2944,2176,1680,92,92,26.256783963585434,24,19,48,2,24,92,184,2116,2176,2944,5888,67712,69632,0.0,,,,,
Kindai_0041,KK_41,69632,53760,2944,2944,2176,1680,92,92,26.256783963585434,24,19,49,3,1,184,276,0,92,5888,8832,0,2944,0.0,,,,,
Kindai_0041,KK_41,69632,53760,2944,2944,2176,1680,92,92,26.256783963585434,24,19,50,3,2,184,276,92,184,5888,8832,2944,5888,0.0,,,,,
Kindai_0041,KK_41,69632,53760,2944,2944,2176,1680,92,92,26.256783963585434,24,19,51,3,3,184,276,184,276,5888,8832,5888,8832,0.0,,,,,
Kindai_0041,KK_41,69632,53760,2944,2944,2176,1680,92,92,26.256783963585434,24,19,52,3,4,184,276,276,368,5888,8832,8832,11776,0.0,,,,,
Kindai_0041,KK_41,69632,53760,2944,2944,2176,1680,92,92,26.256783963585434,24,19,53,3,5,184,276,368,460,5888,8832,11776,14720,0.0,,,,,
Kindai_0041,KK_41,69632,53760,2944,2944,2176,1680,92,92,26.256783963585434,24,19,54,3,6,184,276,460,552,5888,8832,14720,17664,0.0,,,,,
Kindai_0041,KK_41,69632,53760,2944,2944,2176,1680,92,92,26.256783963585434,24,19,55,3,7,184,276,552,644,5888,8832,17664,20608,0.0,,,,,
Kindai_0041,KK_41,69632,53760,2944,2944,2176,1680,92,92,26.256783963585434,24,19,56,3,8,184,276,644,736,5888,8832,20608,23552,0.0,,,,,
Kindai_0041,KK_41,69632,53760,2944,2944,2176,1680,92,92,26.256783963585434,24,19,57,3,9,184,276,736,828,5888,8832,23552,26496,0.0,,,,,
Kindai_0041,KK_41,69632,53760,2944,2944,2176,1680,92,92,26.256783963585434,24,19,58,3,10,184,276,828,920,5888,8832,26496,29440,0.0,,,,,
Kindai_0041,KK_41,69632,53760,2944,2944,2176,1680,92,92,26.256783963585434,24,19,59,3,11,184,276,920,1012,5888,8832,29440,32384,0.0,,,,,
Kindai_0041,KK_41,69632,53760,2944,2944,2176,1680,92,92,26.256783963585434,24,19,60,3,12,184,276,1012,1104,5888,8832,32384,35328,0.3601134215500945,,,,,
Kindai_0041,KK_41,69632,53760,2944,2944,2176,1680,92,92,26.256783963585434,24,19,61,3,13,184,276,1104,1196,5888,8832,35328,38272,0.8237240075614367,0041/Kindai_0041-tile-r3c13.jpg,UD,0.9984499,0.0,0.9537604
Kindai_0041,KK_41,69632,53760,2944,2944,2176,1680,92,92,26.256783963585434,24,19,62,3,14,184,276,1196,1288,5888,8832,38272,41216,0.5254017013232514,,,,,
Kindai_0041,KK_41,69632,53760,2944,2944,2176,1680,92,92,26.256783963585434,24,19,63,3,15,184,276,1288,1380,5888,8832,41216,44160,0.6702504725897921,,,,,
Kindai_0041,KK_41,69632,53760,2944,2944,2176,1680,92,92,26.256783963585434,24,19,64,3,16,184,276,1380,1472,5888,8832,44160,47104,0.7435018903591682,,,,,
Kindai_0041,KK_41,69632,53760,2944,2944,2176,1680,92,92,26.256783963585434,24,19,65,3,17,184,276,1472,1564,5888,8832,47104,50048,0.8809073724007561,0041/Kindai_0041-tile-r3c17.jpg,UD,0.9992687,1.0,0.9990758
Kindai_0041,KK_41,69632,53760,2944,2944,2176,1680,92,92,26.256783963585434,24,19,66,3,18,184,276,1564,1656,5888,8832,50048,52992,0.9362003780718336,0041/Kindai_0041-tile-r3c18.jpg,PG,1.0,0.0,1.0
Kindai_0041,KK_41,69632,53760,2944,2944,2176,1680,92,92,26.256783963585434,24,19,67,3,19,184,276,1656,1748,5888,8832,52992,55936,0.9879489603024575,0041/Kindai_0041-tile-r3c19.jpg,PG,0.94480455,0.0,1.0
Kindai_0041,KK_41,69632,53760,2944,2944,2176,1680,92,92,26.256783963585434,24,19,68,3,20,184,276,1748,1840,5888,8832,55936,58880,0.9594754253308129,0041/Kindai_0041-tile-r3c20.jpg,PG,0.9999647,0.0,0.9305864
Kindai_0041,KK_41,69632,53760,2944,2944,2176,1680,92,92,26.256783963585434,24,19,69,3,21,184,276,1840,1932,5888,8832,58880,61824,0.9636105860113422,0041/Kindai_0041-tile-r3c21.jpg,PG,0.9999999,0.0,1.0
Kindai_0041,KK_41,69632,53760,2944,2944,2176,1680,92,92,26.256783963585434,24,19,70,3,22,184,276,1932,2024,5888,8832,61824,64768,0.9139886578449905,0041/Kindai_0041-tile-r3c22.jpg,PG,0.99967766,0.0,0.99989414
Kindai_0041,KK_41,69632,53760,2944,2944,2176,1680,92,92,26.256783963585434,24,19,71,3,23,184,276,2024,2116,5888,8832,64768,67712,0.1287807183364839,,,,,
Kindai_0041,KK_41,69632,53760,2944,2944,2176,1680,92,92,26.256783963585434,24,19,72,3,24,184,276,2116,2176,5888,8832,67712,69632,0.0,,,,,
Kindai_0041,KK_41,69632,53760,2944,2944,2176,1680,92,92,26.256783963585434,24,19,73,4,1,276,368,0,92,8832,11776,0,2944,0.0,,,,,
Kindai_0041,KK_41,69632,53760,2944,2944,2176,1680,92,92,26.256783963585434,24,19,74,4,2,276,368,92,184,8832,11776,2944,5888,0.0,,,,,
Kindai_0041,KK_41,69632,53760,2944,2944,2176,1680,92,92,26.256783963585434,24,19,75,4,3,276,368,184,276,8832,11776,5888,8832,0.0,,,,,
Kindai_0041,KK_41,69632,53760,2944,2944,2176,1680,92,92,26.256783963585434,24,19,76,4,4,276,368,276,368,8832,11776,8832,11776,0.0,,,,,
Kindai_0041,KK_41,69632,53760,2944,2944,2176,1680,92,92,26.256783963585434,24,19,77,4,5,276,368,368,460,8832,11776,11776,14720,0.0,,,,,
Kindai_0041,KK_41,69632,53760,2944,2944,2176,1680,92,92,26.256783963585434,24,19,78,4,6,276,368,460,552,8832,11776,14720,17664,0.0,,,,,
Kindai_0041,KK_41,69632,53760,2944,2944,2176,1680,92,92,26.256783963585434,24,19,79,4,7,276,368,552,644,8832,11776,17664,20608,0.0,,,,,
Kindai_0041,KK_41,69632,53760,2944,2944,2176,1680,92,92,26.256783963585434,24,19,80,4,8,276,368,644,736,8832,11776,20608,23552,0.0,,,,,
Kindai_0041,KK_41,69632,53760,2944,2944,2176,1680,92,92,26.256783963585434,24,19,81,4,9,276,368,736,828,8832,11776,23552,26496,0.0,,,,,
Kindai_0041,KK_41,69632,53760,2944,2944,2176,1680,92,92,26.256783963585434,24,19,82,4,10,276,368,828,920,8832,11776,26496,29440,0.0,,,,,
Kindai_0041,KK_41,69632,53760,2944,2944,2176,1680,92,92,26.256783963585434,24,19,83,4,11,276,368,920,1012,8832,11776,29440,32384,0.0,,,,,
Kindai_0041,KK_41,69632,53760,2944,2944,2176,1680,92,92,26.256783963585434,24,19,84,4,12,276,368,1012,1104,8832,11776,32384,35328,0.7279064272211719,,,,,
Kindai_0041,KK_41,69632,53760,2944,2944,2176,1680,92,92,26.256783963585434,24,19,85,4,13,276,368,1104,1196,8832,11776,35328,38272,0.8552693761814745,0041/Kindai_0041-tile-r4c13.jpg,UD,0.9983882,0.0,1.0
Kindai_0041,KK_41,69632,53760,2944,2944,2176,1680,92,92,26.256783963585434,24,19,86,4,14,276,368,1196,1288,8832,11776,38272,41216,0.717391304347826,,,,,
Kindai_0041,KK_41,69632,53760,2944,2944,2176,1680,92,92,26.256783963585434,24,19,87,4,15,276,368,1288,1380,8832,11776,41216,44160,0.9784971644612477,0041/Kindai_0041-tile-r4c15.jpg,PG,0.99996483,0.0,1.0
Kindai_0041,KK_41,69632,53760,2944,2944,2176,1680,92,92,26.256783963585434,24,19,88,4,16,276,368,1380,1472,8832,11776,44160,47104,0.8910680529300568,0041/Kindai_0041-tile-r4c16.jpg,PG,0.99999964,0.0,1.0
Kindai_0041,KK_41,69632,53760,2944,2944,2176,1680,92,92,26.256783963585434,24,19,89,4,17,276,368,1472,1564,8832,11776,47104,50048,0.8328213610586012,0041/Kindai_0041-tile-r4c17.jpg,PG,0.9974331,0.0,0.99999607
Kindai_0041,KK_41,69632,53760,2944,2944,2176,1680,92,92,26.256783963585434,24,19,90,4,18,276,368,1564,1656,8832,11776,50048,52992,0.8004489603024575,0041/Kindai_0041-tile-r4c18.jpg,PG,1.0,0.0,1.0
Kindai_0041,KK_41,69632,53760,2944,2944,2176,1680,92,92,26.256783963585434,24,19,91,4,19,276,368,1656,1748,8832,11776,52992,55936,0.8224243856332705,0041/Kindai_0041-tile-r4c19.jpg,UD,0.9950147,0.0,1.0
Kindai_0041,KK_41,69632,53760,2944,2944,2176,1680,92,92,26.256783963585434,24,19,92,4,20,276,368,1748,1840,8832,11776,55936,58880,0.9790879017013232,0041/Kindai_0041-tile-r4c20.jpg,PG,0.99999976,0.0,1.0
Kindai_0041,KK_41,69632,53760,2944,2944,2176,1680,92,92,26.256783963585434,24,19,93,4,21,276,368,1840,1932,8832,11776,58880,61824,0.8836247637051041,0041/Kindai_0041-tile-r4c21.jpg,PG,0.99999976,0.0,1.0
Kindai_0041,KK_41,69632,53760,2944,2944,2176,1680,92,92,26.256783963585434,24,19,94,4,22,276,368,1932,2024,8832,11776,61824,64768,0.19730623818525517,,,,,
Kindai_0041,KK_41,69632,53760,2944,2944,2176,1680,92,92,26.256783963585434,24,19,95,4,23,276,368,2024,2116,8832,11776,64768,67712,0.0,,,,,
Kindai_0041,KK_41,69632,53760,2944,2944,2176,1680,92,92,26.256783963585434,24,19,96,4,24,276,368,2116,2176,8832,11776,67712,69632,0.0,,,,,
Kindai_0041,KK_41,69632,53760,2944,2944,2176,1680,92,92,26.256783963585434,24,19,97,5,1,368,460,0,92,11776,14720,0,2944,0.0,,,,,
Kindai_0041,KK_41,69632,53760,2944,2944,2176,1680,92,92,26.256783963585434,24,19,98,5,2,368,460,92,184,11776,14720,2944,5888,0.0,,,,,
Kindai_0041,KK_41,69632,53760,2944,2944,2176,1680,92,92,26.256783963585434,24,19,99,5,3,368,460,184,276,11776,14720,5888,8832,0.0,,,,,
Kindai_0041,KK_41,69632,53760,2944,2944,2176,1680,92,92,26.256783963585434,24,19,100,5,4,368,460,276,368,11776,14720,8832,11776,0.0,,,,,
Kindai_0041,KK_41,69632,53760,2944,2944,2176,1680,92,92,26.256783963585434,24,19,101,5,5,368,460,368,460,11776,14720,11776,14720,0.0,,,,,
Kindai_0041,KK_41,69632,53760,2944,2944,2176,1680,92,92,26.256783963585434,24,19,102,5,6,368,460,460,552,11776,14720,14720,17664,0.0,,,,,
Kindai_0041,KK_41,69632,53760,2944,2944,2176,1680,92,92,26.256783963585434,24,19,103,5,7,368,460,552,644,11776,14720,17664,20608,0.0,,,,,
Kindai_0041,KK_41,69632,53760,2944,2944,2176,1680,92,92,26.256783963585434,24,19,104,5,8,368,460,644,736,11776,14720,20608,23552,0.0,,,,,
Kindai_0041,KK_41,69632,53760,2944,2944,2176,1680,92,92,26.256783963585434,24,19,105,5,9,368,460,736,828,11776,14720,23552,26496,0.0,,,,,
Kindai_0041,KK_41,69632,53760,2944,2944,2176,1680,92,92,26.256783963585434,24,19,106,5,10,368,460,828,920,11776,14720,26496,29440,0.0,,,,,
Kindai_0041,KK_41,69632,53760,2944,2944,2176,1680,92,92,26.256783963585434,24,19,107,5,11,368,460,920,1012,11776,14720,29440,32384,0.0,,,,,
Kindai_0041,KK_41,69632,53760,2944,2944,2176,1680,92,92,26.256783963585434,24,19,108,5,12,368,460,1012,1104,11776,14720,32384,35328,0.8218336483931946,0041/Kindai_0041-tile-r5c12.jpg,UD,0.5921425,0.0,0.99986184
Kindai_0041,KK_41,69632,53760,2944,2944,2176,1680,92,92,26.256783963585434,24,19,109,5,13,368,460,1104,1196,11776,14720,35328,38272,0.8150992438563327,0041/Kindai_0041-tile-r5c13.jpg,PG,0.9985324,0.0,1.0
Kindai_0041,KK_41,69632,53760,2944,2944,2176,1680,92,92,26.256783963585434,24,19,110,5,14,368,460,1196,1288,11776,14720,38272,41216,0.9552221172022685,0041/Kindai_0041-tile-r5c14.jpg,PG,0.99197376,0.0,0.99999964
Kindai_0041,KK_41,69632,53760,2944,2944,2176,1680,92,92,26.256783963585434,24,19,111,5,15,368,460,1288,1380,11776,14720,41216,44160,0.8263232514177694,0041/Kindai_0041-tile-r5c15.jpg,PG,1.0,0.0,1.0
Kindai_0041,KK_41,69632,53760,2944,2944,2176,1680,92,92,26.256783963585434,24,19,112,5,16,368,460,1380,1472,11776,14720,44160,47104,0.9295841209829868,0041/Kindai_0041-tile-r5c16.jpg,PG,0.9999999,0.0,1.0
Kindai_0041,KK_41,69632,53760,2944,2944,2176,1680,92,92,26.256783963585434,24,19,113,5,17,368,460,1472,1564,11776,14720,47104,50048,0.9549858223062383,0041/Kindai_0041-tile-r5c17.jpg,UD,0.99586016,0.0,1.0
Kindai_0041,KK_41,69632,53760,2944,2944,2176,1680,92,92,26.256783963585434,24,19,114,5,18,368,460,1564,1656,11776,14720,50048,52992,0.9823960302457467,0041/Kindai_0041-tile-r5c18.jpg,UD,0.9043269,0.0,1.0
Kindai_0041,KK_41,69632,53760,2944,2944,2176,1680,92,92,26.256783963585434,24,19,115,5,19,368,460,1656,1748,11776,14720,52992,55936,0.9362003780718336,0041/Kindai_0041-tile-r5c19.jpg,PG,0.976649,0.0,0.99999475
Kindai_0041,KK_41,69632,53760,2944,2944,2176,1680,92,92,26.256783963585434,24,19,116,5,20,368,460,1748,1840,11776,14720,55936,58880,0.9727079395085066,0041/Kindai_0041-tile-r5c20.jpg,PG,0.75306994,0.0,0.99999964
Kindai_0041,KK_41,69632,53760,2944,2944,2176,1680,92,92,26.256783963585434,24,19,117,5,21,368,460,1840,1932,11776,14720,58880,61824,0.9657372400756143,0041/Kindai_0041-tile-r5c21.jpg,ST,0.9989126,,
Kindai_0041,KK_41,69632,53760,2944,2944,2176,1680,92,92,26.256783963585434,24,19,118,5,22,368,460,1932,2024,11776,14720,61824,64768,0.14473062381852558,,,,,
Kindai_0041,KK_41,69632,53760,2944,2944,2176,1680,92,92,26.256783963585434,24,19,119,5,23,368,460,2024,2116,11776,14720,64768,67712,0.0,,,,,
Kindai_0041,KK_41,69632,53760,2944,2944,2176,1680,92,92,26.256783963585434,24,19,120,5,24,368,460,2116,2176,11776,14720,67712,69632,0.0,,,,,
Kindai_0041,KK_41,69632,53760,2944,2944,2176,1680,92,92,26.256783963585434,24,19,121,6,1,460,552,0,92,14720,17664,0,2944,0.0,,,,,
Kindai_0041,KK_41,69632,53760,2944,2944,2176,1680,92,92,26.256783963585434,24,19,122,6,2,460,552,92,184,14720,17664,2944,5888,0.0,,,,,
Kindai_0041,KK_41,69632,53760,2944,2944,2176,1680,92,92,26.256783963585434,24,19,123,6,3,460,552,184,276,14720,17664,5888,8832,0.0,,,,,
Kindai_0041,KK_41,69632,53760,2944,2944,2176,1680,92,92,26.256783963585434,24,19,124,6,4,460,552,276,368,14720,17664,8832,11776,0.0,,,,,
Kindai_0041,KK_41,69632,53760,2944,2944,2176,1680,92,92,26.256783963585434,24,19,125,6,5,460,552,368,460,14720,17664,11776,14720,0.0,,,,,
Kindai_0041,KK_41,69632,53760,2944,2944,2176,1680,92,92,26.256783963585434,24,19,126,6,6,460,552,460,552,14720,17664,14720,17664,0.0,,,,,
Kindai_0041,KK_41,69632,53760,2944,2944,2176,1680,92,92,26.256783963585434,24,19,127,6,7,460,552,552,644,14720,17664,17664,20608,0.0,,,,,
Kindai_0041,KK_41,69632,53760,2944,2944,2176,1680,92,92,26.256783963585434,24,19,128,6,8,460,552,644,736,14720,17664,20608,23552,0.0,,,,,
Kindai_0041,KK_41,69632,53760,2944,2944,2176,1680,92,92,26.256783963585434,24,19,129,6,9,460,552,736,828,14720,17664,23552,26496,0.0,,,,,
Kindai_0041,KK_41,69632,53760,2944,2944,2176,1680,92,92,26.256783963585434,24,19,130,6,10,460,552,828,920,14720,17664,26496,29440,0.0,,,,,
Kindai_0041,KK_41,69632,53760,2944,2944,2176,1680,92,92,26.256783963585434,24,19,131,6,11,460,552,920,1012,14720,17664,29440,32384,0.0,,,,,
Kindai_0041,KK_41,69632,53760,2944,2944,2176,1680,92,92,26.256783963585434,24,19,132,6,12,460,552,1012,1104,14720,17664,32384,35328,0.31592627599243855,,,,,
Kindai_0041,KK_41,69632,53760,2944,2944,2176,1680,92,92,26.256783963585434,24,19,133,6,13,460,552,1104,1196,14720,17664,35328,38272,0.5116965973534972,,,,,
Kindai_0041,KK_41,69632,53760,2944,2944,2176,1680,92,92,26.256783963585434,24,19,134,6,14,460,552,1196,1288,14720,17664,38272,41216,0.6042060491493384,,,,,
Kindai_0041,KK_41,69632,53760,2944,2944,2176,1680,92,92,26.256783963585434,24,19,135,6,15,460,552,1288,1380,14720,17664,41216,44160,0.5224480151228733,,,,,
Kindai_0041,KK_41,69632,53760,2944,2944,2176,1680,92,92,26.256783963585434,24,19,136,6,16,460,552,1380,1472,14720,17664,44160,47104,0.747164461247637,,,,,
Kindai_0041,KK_41,69632,53760,2944,2944,2176,1680,92,92,26.256783963585434,24,19,137,6,17,460,552,1472,1564,14720,17664,47104,50048,0.8584593572778829,0041/Kindai_0041-tile-r6c17.jpg,UD,0.9246744,0.0,1.0
Kindai_0041,KK_41,69632,53760,2944,2944,2176,1680,92,92,26.256783963585434,24,19,138,6,18,460,552,1564,1656,14720,17664,50048,52992,0.9727079395085066,0041/Kindai_0041-tile-r6c18.jpg,PG,0.53761405,0.0,1.0
Kindai_0041,KK_41,69632,53760,2944,2944,2176,1680,92,92,26.256783963585434,24,19,139,6,19,460,552,1656,1748,14720,17664,52992,55936,0.7947778827977315,,,,,
Kindai_0041,KK_41,69632,53760,2944,2944,2176,1680,92,92,26.256783963585434,24,19,140,6,20,460,552,1748,1840,14720,17664,55936,58880,0.18726370510396975,,,,,
Kindai_0041,KK_41,69632,53760,2944,2944,2176,1680,92,92,26.256783963585434,24,19,141,6,21,460,552,1840,1932,14720,17664,58880,61824,0.07077032136105857,,,,,
Kindai_0041,KK_41,69632,53760,2944,2944,2176,1680,92,92,26.256783963585434,24,19,142,6,22,460,552,1932,2024,14720,17664,61824,64768,0.0,,,,,
Kindai_0041,KK_41,69632,53760,2944,2944,2176,1680,92,92,26.256783963585434,24,19,143,6,23,460,552,2024,2116,14720,17664,64768,67712,0.0,,,,,
Kindai_0041,KK_41,69632,53760,2944,2944,2176,1680,92,92,26.256783963585434,24,19,144,6,24,460,552,2116,2176,14720,17664,67712,69632,0.0,,,,,
Kindai_0041,KK_41,69632,53760,2944,2944,2176,1680,92,92,26.256783963585434,24,19,145,7,1,552,644,0,92,17664,20608,0,2944,0.0,,,,,
Kindai_0041,KK_41,69632,53760,2944,2944,2176,1680,92,92,26.256783963585434,24,19,146,7,2,552,644,92,184,17664,20608,2944,5888,0.0,,,,,
Kindai_0041,KK_41,69632,53760,2944,2944,2176,1680,92,92,26.256783963585434,24,19,147,7,3,552,644,184,276,17664,20608,5888,8832,0.0,,,,,
Kindai_0041,KK_41,69632,53760,2944,2944,2176,1680,92,92,26.256783963585434,24,19,148,7,4,552,644,276,368,17664,20608,8832,11776,0.0,,,,,
Kindai_0041,KK_41,69632,53760,2944,2944,2176,1680,92,92,26.256783963585434,24,19,149,7,5,552,644,368,460,17664,20608,11776,14720,0.0,,,,,
Kindai_0041,KK_41,69632,53760,2944,2944,2176,1680,92,92,26.256783963585434,24,19,150,7,6,552,644,460,552,17664,20608,14720,17664,0.0,,,,,
Kindai_0041,KK_41,69632,53760,2944,2944,2176,1680,92,92,26.256783963585434,24,19,151,7,7,552,644,552,644,17664,20608,17664,20608,0.0,,,,,
Kindai_0041,KK_41,69632,53760,2944,2944,2176,1680,92,92,26.256783963585434,24,19,152,7,8,552,644,644,736,17664,20608,20608,23552,0.0,,,,,
Kindai_0041,KK_41,69632,53760,2944,2944,2176,1680,92,92,26.256783963585434,24,19,153,7,9,552,644,736,828,17664,20608,23552,26496,0.0,,,,,
Kindai_0041,KK_41,69632,53760,2944,2944,2176,1680,92,92,26.256783963585434,24,19,154,7,10,552,644,828,920,17664,20608,26496,29440,0.0,,,,,
Kindai_0041,KK_41,69632,53760,2944,2944,2176,1680,92,92,26.256783963585434,24,19,155,7,11,552,644,920,1012,17664,20608,29440,32384,0.0,,,,,
Kindai_0041,KK_41,69632,53760,2944,2944,2176,1680,92,92,26.256783963585434,24,19,156,7,12,552,644,1012,1104,17664,20608,32384,35328,0.0,,,,,
Kindai_0041,KK_41,69632,53760,2944,2944,2176,1680,92,92,26.256783963585434,24,19,157,7,13,552,644,1104,1196,17664,20608,35328,38272,0.010278827977315642,,,,,
Kindai_0041,KK_41,69632,53760,2944,2944,2176,1680,92,92,26.256783963585434,24,19,158,7,14,552,644,1196,1288,17664,20608,38272,41216,0.0,,,,,
Kindai_0041,KK_41,69632,53760,2944,2944,2176,1680,92,92,26.256783963585434,24,19,159,7,15,552,644,1288,1380,17664,20608,41216,44160,0.1403591682419659,,,,,
Kindai_0041,KK_41,69632,53760,2944,2944,2176,1680,92,92,26.256783963585434,24,19,160,7,16,552,644,1380,1472,17664,20608,44160,47104,0.3879962192816635,,,,,
Kindai_0041,KK_41,69632,53760,2944,2944,2176,1680,92,92,26.256783963585434,24,19,161,7,17,552,644,1472,1564,17664,20608,47104,50048,0.36448487712665406,,,,,
Kindai_0041,KK_41,69632,53760,2944,2944,2176,1680,92,92,26.256783963585434,24,19,162,7,18,552,644,1564,1656,17664,20608,50048,52992,0.16056238185255198,,,,,
Kindai_0041,KK_41,69632,53760,2944,2944,2176,1680,92,92,26.256783963585434,24,19,163,7,19,552,644,1656,1748,17664,20608,52992,55936,0.01264177693761809,,,,,
Kindai_0041,KK_41,69632,53760,2944,2944,2176,1680,92,92,26.256783963585434,24,19,164,7,20,552,644,1748,1840,17664,20608,55936,58880,0.0,,,,,
Kindai_0041,KK_41,69632,53760,2944,2944,2176,1680,92,92,26.256783963585434,24,19,165,7,21,552,644,1840,1932,17664,20608,58880,61824,0.0,,,,,
Kindai_0041,KK_41,69632,53760,2944,2944,2176,1680,92,92,26.256783963585434,24,19,166,7,22,552,644,1932,2024,17664,20608,61824,64768,0.0,,,,,
Kindai_0041,KK_41,69632,53760,2944,2944,2176,1680,92,92,26.256783963585434,24,19,167,7,23,552,644,2024,2116,17664,20608,64768,67712,0.0,,,,,
Kindai_0041,KK_41,69632,53760,2944,2944,2176,1680,92,92,26.256783963585434,24,19,168,7,24,552,644,2116,2176,17664,20608,67712,69632,0.0,,,,,
Kindai_0041,KK_41,69632,53760,2944,2944,2176,1680,92,92,26.256783963585434,24,19,169,8,1,644,736,0,92,20608,23552,0,2944,0.0,,,,,
Kindai_0041,KK_41,69632,53760,2944,2944,2176,1680,92,92,26.256783963585434,24,19,170,8,2,644,736,92,184,20608,23552,2944,5888,0.0,,,,,
Kindai_0041,KK_41,69632,53760,2944,2944,2176,1680,92,92,26.256783963585434,24,19,171,8,3,644,736,184,276,20608,23552,5888,8832,0.0,,,,,
Kindai_0041,KK_41,69632,53760,2944,2944,2176,1680,92,92,26.256783963585434,24,19,172,8,4,644,736,276,368,20608,23552,8832,11776,0.0,,,,,
Kindai_0041,KK_41,69632,53760,2944,2944,2176,1680,92,92,26.256783963585434,24,19,173,8,5,644,736,368,460,20608,23552,11776,14720,0.0,,,,,
Kindai_0041,KK_41,69632,53760,2944,2944,2176,1680,92,92,26.256783963585434,24,19,174,8,6,644,736,460,552,20608,23552,14720,17664,0.0,,,,,
Kindai_0041,KK_41,69632,53760,2944,2944,2176,1680,92,92,26.256783963585434,24,19,175,8,7,644,736,552,644,20608,23552,17664,20608,0.0,,,,,
Kindai_0041,KK_41,69632,53760,2944,2944,2176,1680,92,92,26.256783963585434,24,19,176,8,8,644,736,644,736,20608,23552,20608,23552,0.0,,,,,
Kindai_0041,KK_41,69632,53760,2944,2944,2176,1680,92,92,26.256783963585434,24,19,177,8,9,644,736,736,828,20608,23552,23552,26496,0.0,,,,,
Kindai_0041,KK_41,69632,53760,2944,2944,2176,1680,92,92,26.256783963585434,24,19,178,8,10,644,736,828,920,20608,23552,26496,29440,0.0,,,,,
Kindai_0041,KK_41,69632,53760,2944,2944,2176,1680,92,92,26.256783963585434,24,19,179,8,11,644,736,920,1012,20608,23552,29440,32384,0.0,,,,,
Kindai_0041,KK_41,69632,53760,2944,2944,2176,1680,92,92,26.256783963585434,24,19,180,8,12,644,736,1012,1104,20608,23552,32384,35328,0.0,,,,,
Kindai_0041,KK_41,69632,53760,2944,2944,2176,1680,92,92,26.256783963585434,24,19,181,8,13,644,736,1104,1196,20608,23552,35328,38272,0.0,,,,,
Kindai_0041,KK_41,69632,53760,2944,2944,2176,1680,92,92,26.256783963585434,24,19,182,8,14,644,736,1196,1288,20608,23552,38272,41216,0.0,,,,,
Kindai_0041,KK_41,69632,53760,2944,2944,2176,1680,92,92,26.256783963585434,24,19,183,8,15,644,736,1288,1380,20608,23552,41216,44160,0.0,,,,,
Kindai_0041,KK_41,69632,53760,2944,2944,2176,1680,92,92,26.256783963585434,24,19,184,8,16,644,736,1380,1472,20608,23552,44160,47104,0.0,,,,,
Kindai_0041,KK_41,69632,53760,2944,2944,2176,1680,92,92,26.256783963585434,24,19,185,8,17,644,736,1472,1564,20608,23552,47104,50048,0.0,,,,,
Kindai_0041,KK_41,69632,53760,2944,2944,2176,1680,92,92,26.256783963585434,24,19,186,8,18,644,736,1564,1656,20608,23552,50048,52992,0.0,,,,,
Kindai_0041,KK_41,69632,53760,2944,2944,2176,1680,92,92,26.256783963585434,24,19,187,8,19,644,736,1656,1748,20608,23552,52992,55936,0.0,,,,,
Kindai_0041,KK_41,69632,53760,2944,2944,2176,1680,92,92,26.256783963585434,24,19,188,8,20,644,736,1748,1840,20608,23552,55936,58880,0.0,,,,,
Kindai_0041,KK_41,69632,53760,2944,2944,2176,1680,92,92,26.256783963585434,24,19,189,8,21,644,736,1840,1932,20608,23552,58880,61824,0.0,,,,,
Kindai_0041,KK_41,69632,53760,2944,2944,2176,1680,92,92,26.256783963585434,24,19,190,8,22,644,736,1932,2024,20608,23552,61824,64768,0.0,,,,,
Kindai_0041,KK_41,69632,53760,2944,2944,2176,1680,92,92,26.256783963585434,24,19,191,8,23,644,736,2024,2116,20608,23552,64768,67712,0.0,,,,,
Kindai_0041,KK_41,69632,53760,2944,2944,2176,1680,92,92,26.256783963585434,24,19,192,8,24,644,736,2116,2176,20608,23552,67712,69632,0.0,,,,,
Kindai_0041,KK_41,69632,53760,2944,2944,2176,1680,92,92,26.256783963585434,24,19,193,9,1,736,828,0,92,23552,26496,0,2944,0.0,,,,,
Kindai_0041,KK_41,69632,53760,2944,2944,2176,1680,92,92,26.256783963585434,24,19,194,9,2,736,828,92,184,23552,26496,2944,5888,0.0,,,,,
Kindai_0041,KK_41,69632,53760,2944,2944,2176,1680,92,92,26.256783963585434,24,19,195,9,3,736,828,184,276,23552,26496,5888,8832,0.0,,,,,
Kindai_0041,KK_41,69632,53760,2944,2944,2176,1680,92,92,26.256783963585434,24,19,196,9,4,736,828,276,368,23552,26496,8832,11776,0.0,,,,,
Kindai_0041,KK_41,69632,53760,2944,2944,2176,1680,92,92,26.256783963585434,24,19,197,9,5,736,828,368,460,23552,26496,11776,14720,0.0,,,,,
Kindai_0041,KK_41,69632,53760,2944,2944,2176,1680,92,92,26.256783963585434,24,19,198,9,6,736,828,460,552,23552,26496,14720,17664,0.0,,,,,
Kindai_0041,KK_41,69632,53760,2944,2944,2176,1680,92,92,26.256783963585434,24,19,199,9,7,736,828,552,644,23552,26496,17664,20608,0.0,,,,,
Kindai_0041,KK_41,69632,53760,2944,2944,2176,1680,92,92,26.256783963585434,24,19,200,9,8,736,828,644,736,23552,26496,20608,23552,0.0,,,,,
Kindai_0041,KK_41,69632,53760,2944,2944,2176,1680,92,92,26.256783963585434,24,19,201,9,9,736,828,736,828,23552,26496,23552,26496,0.0,,,,,
Kindai_0041,KK_41,69632,53760,2944,2944,2176,1680,92,92,26.256783963585434,24,19,202,9,10,736,828,828,920,23552,26496,26496,29440,0.0,,,,,
Kindai_0041,KK_41,69632,53760,2944,2944,2176,1680,92,92,26.256783963585434,24,19,203,9,11,736,828,920,1012,23552,26496,29440,32384,0.0,,,,,
Kindai_0041,KK_41,69632,53760,2944,2944,2176,1680,92,92,26.256783963585434,24,19,204,9,12,736,828,1012,1104,23552,26496,32384,35328,0.0,,,,,
Kindai_0041,KK_41,69632,53760,2944,2944,2176,1680,92,92,26.256783963585434,24,19,205,9,13,736,828,1104,1196,23552,26496,35328,38272,0.0,,,,,
Kindai_0041,KK_41,69632,53760,2944,2944,2176,1680,92,92,26.256783963585434,24,19,206,9,14,736,828,1196,1288,23552,26496,38272,41216,0.0,,,,,
Kindai_0041,KK_41,69632,53760,2944,2944,2176,1680,92,92,26.256783963585434,24,19,207,9,15,736,828,1288,1380,23552,26496,41216,44160,0.0,,,,,
Kindai_0041,KK_41,69632,53760,2944,2944,2176,1680,92,92,26.256783963585434,24,19,208,9,16,736,828,1380,1472,23552,26496,44160,47104,0.0,,,,,
Kindai_0041,KK_41,69632,53760,2944,2944,2176,1680,92,92,26.256783963585434,24,19,209,9,17,736,828,1472,1564,23552,26496,47104,50048,0.0,,,,,
Kindai_0041,KK_41,69632,53760,2944,2944,2176,1680,92,92,26.256783963585434,24,19,210,9,18,736,828,1564,1656,23552,26496,50048,52992,0.08093100189035908,,,,,
Kindai_0041,KK_41,69632,53760,2944,2944,2176,1680,92,92,26.256783963585434,24,19,211,9,19,736,828,1656,1748,23552,26496,52992,55936,0.21656427221172023,,,,,
Kindai_0041,KK_41,69632,53760,2944,2944,2176,1680,92,92,26.256783963585434,24,19,212,9,20,736,828,1748,1840,23552,26496,55936,58880,0.0,,,,,
Kindai_0041,KK_41,69632,53760,2944,2944,2176,1680,92,92,26.256783963585434,24,19,213,9,21,736,828,1840,1932,23552,26496,58880,61824,0.0,,,,,
Kindai_0041,KK_41,69632,53760,2944,2944,2176,1680,92,92,26.256783963585434,24,19,214,9,22,736,828,1932,2024,23552,26496,61824,64768,0.0,,,,,
Kindai_0041,KK_41,69632,53760,2944,2944,2176,1680,92,92,26.256783963585434,24,19,215,9,23,736,828,2024,2116,23552,26496,64768,67712,0.0,,,,,
Kindai_0041,KK_41,69632,53760,2944,2944,2176,1680,92,92,26.256783963585434,24,19,216,9,24,736,828,2116,2176,23552,26496,67712,69632,0.0,,,,,
Kindai_0041,KK_41,69632,53760,2944,2944,2176,1680,92,92,26.256783963585434,24,19,217,10,1,828,920,0,92,26496,29440,0,2944,0.0,,,,,
Kindai_0041,KK_41,69632,53760,2944,2944,2176,1680,92,92,26.256783963585434,24,19,218,10,2,828,920,92,184,26496,29440,2944,5888,0.0,,,,,
Kindai_0041,KK_41,69632,53760,2944,2944,2176,1680,92,92,26.256783963585434,24,19,219,10,3,828,920,184,276,26496,29440,5888,8832,0.0,,,,,
Kindai_0041,KK_41,69632,53760,2944,2944,2176,1680,92,92,26.256783963585434,24,19,220,10,4,828,920,276,368,26496,29440,8832,11776,0.12098298676748584,,,,,
Kindai_0041,KK_41,69632,53760,2944,2944,2176,1680,92,92,26.256783963585434,24,19,221,10,5,828,920,368,460,26496,29440,11776,14720,0.23227788279773165,,,,,
Kindai_0041,KK_41,69632,53760,2944,2944,2176,1680,92,92,26.256783963585434,24,19,222,10,6,828,920,460,552,26496,29440,14720,17664,0.13705103969754248,,,,,
Kindai_0041,KK_41,69632,53760,2944,2944,2176,1680,92,92,26.256783963585434,24,19,223,10,7,828,920,552,644,26496,29440,17664,20608,0.0,,,,,
Kindai_0041,KK_41,69632,53760,2944,2944,2176,1680,92,92,26.256783963585434,24,19,224,10,8,828,920,644,736,26496,29440,20608,23552,0.0,,,,,
Kindai_0041,KK_41,69632,53760,2944,2944,2176,1680,92,92,26.256783963585434,24,19,225,10,9,828,920,736,828,26496,29440,23552,26496,0.0,,,,,
Kindai_0041,KK_41,69632,53760,2944,2944,2176,1680,92,92,26.256783963585434,24,19,226,10,10,828,920,828,920,26496,29440,26496,29440,0.0,,,,,
Kindai_0041,KK_41,69632,53760,2944,2944,2176,1680,92,92,26.256783963585434,24,19,227,10,11,828,920,920,1012,26496,29440,29440,32384,0.0,,,,,
Kindai_0041,KK_41,69632,53760,2944,2944,2176,1680,92,92,26.256783963585434,24,19,228,10,12,828,920,1012,1104,26496,29440,32384,35328,0.0,,,,,
Kindai_0041,KK_41,69632,53760,2944,2944,2176,1680,92,92,26.256783963585434,24,19,229,10,13,828,920,1104,1196,26496,29440,35328,38272,0.0,,,,,
Kindai_0041,KK_41,69632,53760,2944,2944,2176,1680,92,92,26.256783963585434,24,19,230,10,14,828,920,1196,1288,26496,29440,38272,41216,0.0,,,,,
Kindai_0041,KK_41,69632,53760,2944,2944,2176,1680,92,92,26.256783963585434,24,19,231,10,15,828,920,1288,1380,26496,29440,41216,44160,0.0,,,,,
Kindai_0041,KK_41,69632,53760,2944,2944,2176,1680,92,92,26.256783963585434,24,19,232,10,16,828,920,1380,1472,26496,29440,44160,47104,0.0,,,,,
Kindai_0041,KK_41,69632,53760,2944,2944,2176,1680,92,92,26.256783963585434,24,19,233,10,17,828,920,1472,1564,26496,29440,47104,50048,0.20687618147448006,,,,,
Kindai_0041,KK_41,69632,53760,2944,2944,2176,1680,92,92,26.256783963585434,24,19,234,10,18,828,920,1564,1656,26496,29440,50048,52992,0.680765595463138,,,,,
Kindai_0041,KK_41,69632,53760,2944,2944,2176,1680,92,92,26.256783963585434,24,19,235,10,19,828,920,1656,1748,26496,29440,52992,55936,0.5077977315689981,,,,,
Kindai_0041,KK_41,69632,53760,2944,2944,2176,1680,92,92,26.256783963585434,24,19,236,10,20,828,920,1748,1840,26496,29440,55936,58880,0.0,,,,,
Kindai_0041,KK_41,69632,53760,2944,2944,2176,1680,92,92,26.256783963585434,24,19,237,10,21,828,920,1840,1932,26496,29440,58880,61824,0.0,,,,,
Kindai_0041,KK_41,69632,53760,2944,2944,2176,1680,92,92,26.256783963585434,24,19,238,10,22,828,920,1932,2024,26496,29440,61824,64768,0.0,,,,,
Kindai_0041,KK_41,69632,53760,2944,2944,2176,1680,92,92,26.256783963585434,24,19,239,10,23,828,920,2024,2116,26496,29440,64768,67712,0.0,,,,,
Kindai_0041,KK_41,69632,53760,2944,2944,2176,1680,92,92,26.256783963585434,24,19,240,10,24,828,920,2116,2176,26496,29440,67712,69632,0.0,,,,,
Kindai_0041,KK_41,69632,53760,2944,2944,2176,1680,92,92,26.256783963585434,24,19,241,11,1,920,1012,0,92,29440,32384,0,2944,0.0,,,,,
Kindai_0041,KK_41,69632,53760,2944,2944,2176,1680,92,92,26.256783963585434,24,19,242,11,2,920,1012,92,184,29440,32384,2944,5888,0.0,,,,,
Kindai_0041,KK_41,69632,53760,2944,2944,2176,1680,92,92,26.256783963585434,24,19,243,11,3,920,1012,184,276,29440,32384,5888,8832,0.357632325141777,,,,,
Kindai_0041,KK_41,69632,53760,2944,2944,2176,1680,92,92,26.256783963585434,24,19,244,11,4,920,1012,276,368,29440,32384,8832,11776,0.8998109640831758,0041/Kindai_0041-tile-r11c4.jpg,ST,1.0,,
Kindai_0041,KK_41,69632,53760,2944,2944,2176,1680,92,92,26.256783963585434,24,19,245,11,5,920,1012,368,460,29440,32384,11776,14720,0.938445179584121,0041/Kindai_0041-tile-r11c5.jpg,UD,0.51202536,0.0,0.9999981
Kindai_0041,KK_41,69632,53760,2944,2944,2176,1680,92,92,26.256783963585434,24,19,246,11,6,920,1012,460,552,29440,32384,14720,17664,0.9112712665406427,0041/Kindai_0041-tile-r11c6.jpg,ST,0.62620765,,
Kindai_0041,KK_41,69632,53760,2944,2944,2176,1680,92,92,26.256783963585434,24,19,247,11,7,920,1012,552,644,29440,32384,17664,20608,0.7225897920604915,,,,,
Kindai_0041,KK_41,69632,53760,2944,2944,2176,1680,92,92,26.256783963585434,24,19,248,11,8,920,1012,644,736,29440,32384,20608,23552,0.46491020793950855,,,,,
Kindai_0041,KK_41,69632,53760,2944,2944,2176,1680,92,92,26.256783963585434,24,19,249,11,9,920,1012,736,828,29440,32384,23552,26496,0.015595463137996148,,,,,
Kindai_0041,KK_41,69632,53760,2944,2944,2176,1680,92,92,26.256783963585434,24,19,250,11,10,920,1012,828,920,29440,32384,26496,29440,0.0,,,,,
Kindai_0041,KK_41,69632,53760,2944,2944,2176,1680,92,92,26.256783963585434,24,19,251,11,11,920,1012,920,1012,29440,32384,29440,32384,0.0,,,,,
Kindai_0041,KK_41,69632,53760,2944,2944,2176,1680,92,92,26.256783963585434,24,19,252,11,12,920,1012,1012,1104,29440,32384,32384,35328,0.01807655954631386,,,,,
Kindai_0041,KK_41,69632,53760,2944,2944,2176,1680,92,92,26.256783963585434,24,19,253,11,13,920,1012,1104,1196,29440,32384,35328,38272,0.0,,,,,
Kindai_0041,KK_41,69632,53760,2944,2944,2176,1680,92,92,26.256783963585434,24,19,254,11,14,920,1012,1196,1288,29440,32384,38272,41216,0.0,,,,,
Kindai_0041,KK_41,69632,53760,2944,2944,2176,1680,92,92,26.256783963585434,24,19,255,11,15,920,1012,1288,1380,29440,32384,41216,44160,0.11377599243856337,,,,,
Kindai_0041,KK_41,69632,53760,2944,2944,2176,1680,92,92,26.256783963585434,24,19,256,11,16,920,1012,1380,1472,29440,32384,44160,47104,0.5809310018903592,,,,,
Kindai_0041,KK_41,69632,53760,2944,2944,2176,1680,92,92,26.256783963585434,24,19,257,11,17,920,1012,1472,1564,29440,32384,47104,50048,0.8117911153119093,0041/Kindai_0041-tile-r11c17.jpg,UD,0.92155427,0.0,1.0
Kindai_0041,KK_41,69632,53760,2944,2944,2176,1680,92,92,26.256783963585434,24,19,258,11,18,920,1012,1564,1656,29440,32384,50048,52992,0.8687381852551985,0041/Kindai_0041-tile-r11c18.jpg,MT,0.9999455,0.0,0.9999999
Kindai_0041,KK_41,69632,53760,2944,2944,2176,1680,92,92,26.256783963585434,24,19,259,11,19,920,1012,1656,1748,29440,32384,52992,55936,0.29737712665406435,,,,,
Kindai_0041,KK_41,69632,53760,2944,2944,2176,1680,92,92,26.256783963585434,24,19,260,11,20,920,1012,1748,1840,29440,32384,55936,58880,0.0,,,,,
Kindai_0041,KK_41,69632,53760,2944,2944,2176,1680,92,92,26.256783963585434,24,19,261,11,21,920,1012,1840,1932,29440,32384,58880,61824,0.0,,,,,
Kindai_0041,KK_41,69632,53760,2944,2944,2176,1680,92,92,26.256783963585434,24,19,262,11,22,920,1012,1932,2024,29440,32384,61824,64768,0.0,,,,,
Kindai_0041,KK_41,69632,53760,2944,2944,2176,1680,92,92,26.256783963585434,24,19,263,11,23,920,1012,2024,2116,29440,32384,64768,67712,0.0,,,,,
Kindai_0041,KK_41,69632,53760,2944,2944,2176,1680,92,92,26.256783963585434,24,19,264,11,24,920,1012,2116,2176,29440,32384,67712,69632,0.0,,,,,
Kindai_0041,KK_41,69632,53760,2944,2944,2176,1680,92,92,26.256783963585434,24,19,265,12,1,1012,1104,0,92,32384,35328,0,2944,0.0,,,,,
Kindai_0041,KK_41,69632,53760,2944,2944,2176,1680,92,92,26.256783963585434,24,19,266,12,2,1012,1104,92,184,32384,35328,2944,5888,0.16918714555765604,,,,,
Kindai_0041,KK_41,69632,53760,2944,2944,2176,1680,92,92,26.256783963585434,24,19,267,12,3,1012,1104,184,276,32384,35328,5888,8832,0.9448251417769378,0041/Kindai_0041-tile-r12c3.jpg,UD,0.99358267,0.0,0.9999739
Kindai_0041,KK_41,69632,53760,2944,2944,2176,1680,92,92,26.256783963585434,24,19,268,12,4,1012,1104,276,368,32384,35328,8832,11776,0.9940926275992439,0041/Kindai_0041-tile-r12c4.jpg,ST,1.0,,
Kindai_0041,KK_41,69632,53760,2944,2944,2176,1680,92,92,26.256783963585434,24,19,269,12,5,1012,1104,368,460,32384,35328,11776,14720,0.9749527410207939,0041/Kindai_0041-tile-r12c5.jpg,ST,0.98556525,,
Kindai_0041,KK_41,69632,53760,2944,2944,2176,1680,92,92,26.256783963585434,24,19,270,12,6,1012,1104,460,552,32384,35328,14720,17664,0.873109640831758,0041/Kindai_0041-tile-r12c6.jpg,PG,0.9999999,0.0,1.0
Kindai_0041,KK_41,69632,53760,2944,2944,2176,1680,92,92,26.256783963585434,24,19,271,12,7,1012,1104,552,644,32384,35328,17664,20608,0.9573487712665405,0041/Kindai_0041-tile-r12c7.jpg,ST,1.0,,
Kindai_0041,KK_41,69632,53760,2944,2944,2176,1680,92,92,26.256783963585434,24,19,272,12,8,1012,1104,644,736,32384,35328,20608,23552,0.6593809073724007,,,,,
Kindai_0041,KK_41,69632,53760,2944,2944,2176,1680,92,92,26.256783963585434,24,19,273,12,9,1012,1104,736,828,32384,35328,23552,26496,0.8266776937618148,0041/Kindai_0041-tile-r12c9.jpg,ST,0.9998549,,
Kindai_0041,KK_41,69632,53760,2944,2944,2176,1680,92,92,26.256783963585434,24,19,274,12,10,1012,1104,828,920,32384,35328,26496,29440,0.5389886578449905,,,,,
Kindai_0041,KK_41,69632,53760,2944,2944,2176,1680,92,92,26.256783963585434,24,19,275,12,11,1012,1104,920,1012,32384,35328,29440,32384,0.12086483931947072,,,,,
Kindai_0041,KK_41,69632,53760,2944,2944,2176,1680,92,92,26.256783963585434,24,19,276,12,12,1012,1104,1012,1104,32384,35328,32384,35328,0.6716682419659734,,,,,
Kindai_0041,KK_41,69632,53760,2944,2944,2176,1680,92,92,26.256783963585434,24,19,277,12,13,1012,1104,1104,1196,32384,35328,35328,38272,0.1442580340264651,,,,,
Kindai_0041,KK_41,69632,53760,2944,2944,2176,1680,92,92,26.256783963585434,24,19,278,12,14,1012,1104,1196,1288,32384,35328,38272,41216,0.26594990548204167,,,,,
Kindai_0041,KK_41,69632,53760,2944,2944,2176,1680,92,92,26.256783963585434,24,19,279,12,15,1012,1104,1288,1380,32384,35328,41216,44160,0.6812381852551985,,,,,
Kindai_0041,KK_41,69632,53760,2944,2944,2176,1680,92,92,26.256783963585434,24,19,280,12,16,1012,1104,1380,1472,32384,35328,44160,47104,0.759569943289225,,,,,
Kindai_0041,KK_41,69632,53760,2944,2944,2176,1680,92,92,26.256783963585434,24,19,281,12,17,1012,1104,1472,1564,32384,35328,47104,50048,0.8926039697542533,0041/Kindai_0041-tile-r12c17.jpg,MT,0.9840142,0.0,0.8073975
Kindai_0041,KK_41,69632,53760,2944,2944,2176,1680,92,92,26.256783963585434,24,19,282,12,18,1012,1104,1564,1656,32384,35328,50048,52992,0.9796786389413988,0041/Kindai_0041-tile-r12c18.jpg,MT,1.0,0.0,0.7125523
Kindai_0041,KK_41,69632,53760,2944,2944,2176,1680,92,92,26.256783963585434,24,19,283,12,19,1012,1104,1656,1748,32384,35328,52992,55936,0.22908790170132334,,,,,
Kindai_0041,KK_41,69632,53760,2944,2944,2176,1680,92,92,26.256783963585434,24,19,284,12,20,1012,1104,1748,1840,32384,35328,55936,58880,0.0,,,,,
Kindai_0041,KK_41,69632,53760,2944,2944,2176,1680,92,92,26.256783963585434,24,19,285,12,21,1012,1104,1840,1932,32384,35328,58880,61824,0.0,,,,,
Kindai_0041,KK_41,69632,53760,2944,2944,2176,1680,92,92,26.256783963585434,24,19,286,12,22,1012,1104,1932,2024,32384,35328,61824,64768,0.0,,,,,
Kindai_0041,KK_41,69632,53760,2944,2944,2176,1680,92,92,26.256783963585434,24,19,287,12,23,1012,1104,2024,2116,32384,35328,64768,67712,0.0,,,,,
Kindai_0041,KK_41,69632,53760,2944,2944,2176,1680,92,92,26.256783963585434,24,19,288,12,24,1012,1104,2116,2176,32384,35328,67712,69632,0.0,,,,,
Kindai_0041,KK_41,69632,53760,2944,2944,2176,1680,92,92,26.256783963585434,24,19,289,13,1,1104,1196,0,92,35328,38272,0,2944,0.0,,,,,
Kindai_0041,KK_41,69632,53760,2944,2944,2176,1680,92,92,26.256783963585434,24,19,290,13,2,1104,1196,92,184,35328,38272,2944,5888,0.3234877126654064,,,,,
Kindai_0041,KK_41,69632,53760,2944,2944,2176,1680,92,92,26.256783963585434,24,19,291,13,3,1104,1196,184,276,35328,38272,5888,8832,0.9763705103969754,0041/Kindai_0041-tile-r13c3.jpg,ST,0.95863503,,
Kindai_0041,KK_41,69632,53760,2944,2944,2176,1680,92,92,26.256783963585434,24,19,292,13,4,1104,1196,276,368,35328,38272,8832,11776,0.9875945179584121,0041/Kindai_0041-tile-r13c4.jpg,PG,0.9999993,0.0,0.99999917
Kindai_0041,KK_41,69632,53760,2944,2944,2176,1680,92,92,26.256783963585434,24,19,293,13,5,1104,1196,368,460,35328,38272,11776,14720,0.9842863894139886,0041/Kindai_0041-tile-r13c5.jpg,UD,0.99943644,0.0,1.0
Kindai_0041,KK_41,69632,53760,2944,2944,2176,1680,92,92,26.256783963585434,24,19,294,13,6,1104,1196,460,552,35328,38272,14720,17664,0.9831049149338376,0041/Kindai_0041-tile-r13c6.jpg,PG,0.99999714,0.0,1.0
Kindai_0041,KK_41,69632,53760,2944,2944,2176,1680,92,92,26.256783963585434,24,19,295,13,7,1104,1196,552,644,35328,38272,17664,20608,0.9998818525519849,0041/Kindai_0041-tile-r13c7.jpg,ST,0.99999785,,
Kindai_0041,KK_41,69632,53760,2944,2944,2176,1680,92,92,26.256783963585434,24,19,296,13,8,1104,1196,644,736,35328,38272,20608,23552,0.9649102079395085,0041/Kindai_0041-tile-r13c8.jpg,ST,1.0,,
Kindai_0041,KK_41,69632,53760,2944,2944,2176,1680,92,92,26.256783963585434,24,19,297,13,9,1104,1196,736,828,35328,38272,23552,26496,0.6872637051039697,,,,,
Kindai_0041,KK_41,69632,53760,2944,2944,2176,1680,92,92,26.256783963585434,24,19,298,13,10,1104,1196,828,920,35328,38272,26496,29440,0.8972117202268431,0041/Kindai_0041-tile-r13c10.jpg,ST,1.0,,
Kindai_0041,KK_41,69632,53760,2944,2944,2176,1680,92,92,26.256783963585434,24,19,299,13,11,1104,1196,920,1012,35328,38272,29440,32384,0.7976134215500946,,,,,
Kindai_0041,KK_41,69632,53760,2944,2944,2176,1680,92,92,26.256783963585434,24,19,300,13,12,1104,1196,1012,1104,35328,38272,32384,35328,0.9032372400756143,0041/Kindai_0041-tile-r13c12.jpg,MT,0.999866,0.0,0.9999999
Kindai_0041,KK_41,69632,53760,2944,2944,2176,1680,92,92,26.256783963585434,24,19,301,13,13,1104,1196,1104,1196,35328,38272,35328,38272,0.8530245746691871,0041/Kindai_0041-tile-r13c13.jpg,ST,0.9991291,,
Kindai_0041,KK_41,69632,53760,2944,2944,2176,1680,92,92,26.256783963585434,24,19,302,13,14,1104,1196,1196,1288,35328,38272,38272,41216,0.905718336483932,0041/Kindai_0041-tile-r13c14.jpg,ST,1.0,,
Kindai_0041,KK_41,69632,53760,2944,2944,2176,1680,92,92,26.256783963585434,24,19,303,13,15,1104,1196,1288,1380,35328,38272,41216,44160,0.8585775047258979,0041/Kindai_0041-tile-r13c15.jpg,ST,1.0,,
Kindai_0041,KK_41,69632,53760,2944,2944,2176,1680,92,92,26.256783963585434,24,19,304,13,16,1104,1196,1380,1472,35328,38272,44160,47104,0.9747164461247637,0041/Kindai_0041-tile-r13c16.jpg,MT,0.9985266,0.0,0.99999464
Kindai_0041,KK_41,69632,53760,2944,2944,2176,1680,92,92,26.256783963585434,24,19,305,13,17,1104,1196,1472,1564,35328,38272,47104,50048,0.9165879017013232,0041/Kindai_0041-tile-r13c17.jpg,ST,1.0,,
Kindai_0041,KK_41,69632,53760,2944,2944,2176,1680,92,92,26.256783963585434,24,19,306,13,18,1104,1196,1564,1656,35328,38272,50048,52992,0.5632088846880907,,,,,
Kindai_0041,KK_41,69632,53760,2944,2944,2176,1680,92,92,26.256783963585434,24,19,307,13,19,1104,1196,1656,1748,35328,38272,52992,55936,0.0,,,,,
Kindai_0041,KK_41,69632,53760,2944,2944,2176,1680,92,92,26.256783963585434,24,19,308,13,20,1104,1196,1748,1840,35328,38272,55936,58880,0.0,,,,,
Kindai_0041,KK_41,69632,53760,2944,2944,2176,1680,92,92,26.256783963585434,24,19,309,13,21,1104,1196,1840,1932,35328,38272,58880,61824,0.0,,,,,
Kindai_0041,KK_41,69632,53760,2944,2944,2176,1680,92,92,26.256783963585434,24,19,310,13,22,1104,1196,1932,2024,35328,38272,61824,64768,0.0,,,,,
Kindai_0041,KK_41,69632,53760,2944,2944,2176,1680,92,92,26.256783963585434,24,19,311,13,23,1104,1196,2024,2116,35328,38272,64768,67712,0.0,,,,,
Kindai_0041,KK_41,69632,53760,2944,2944,2176,1680,92,92,26.256783963585434,24,19,312,13,24,1104,1196,2116,2176,35328,38272,67712,69632,0.0,,,,,
Kindai_0041,KK_41,69632,53760,2944,2944,2176,1680,92,92,26.256783963585434,24,19,313,14,1,1196,1288,0,92,38272,41216,0,2944,0.0,,,,,
Kindai_0041,KK_41,69632,53760,2944,2944,2176,1680,92,92,26.256783963585434,24,19,314,14,2,1196,1288,92,184,38272,41216,2944,5888,0.06911625708884685,,,,,
Kindai_0041,KK_41,69632,53760,2944,2944,2176,1680,92,92,26.256783963585434,24,19,315,14,3,1196,1288,184,276,38272,41216,5888,8832,0.874054820415879,0041/Kindai_0041-tile-r14c3.jpg,ST,1.0,,
Kindai_0041,KK_41,69632,53760,2944,2944,2176,1680,92,92,26.256783963585434,24,19,316,14,4,1196,1288,276,368,38272,41216,8832,11776,0.9756616257088847,0041/Kindai_0041-tile-r14c4.jpg,PG,0.9999019,0.0,0.8565711
Kindai_0041,KK_41,69632,53760,2944,2944,2176,1680,92,92,26.256783963585434,24,19,317,14,5,1196,1288,368,460,38272,41216,11776,14720,0.9985822306238186,0041/Kindai_0041-tile-r14c5.jpg,ST,1.0,,
Kindai_0041,KK_41,69632,53760,2944,2944,2176,1680,92,92,26.256783963585434,24,19,318,14,6,1196,1288,460,552,38272,41216,14720,17664,0.9924385633270322,0041/Kindai_0041-tile-r14c6.jpg,ST,1.0,,
Kindai_0041,KK_41,69632,53760,2944,2944,2176,1680,92,92,26.256783963585434,24,19,319,14,7,1196,1288,552,644,38272,41216,17664,20608,0.9996455576559546,0041/Kindai_0041-tile-r14c7.jpg,ST,1.0,,
Kindai_0041,KK_41,69632,53760,2944,2944,2176,1680,92,92,26.256783963585434,24,19,320,14,8,1196,1288,644,736,38272,41216,20608,23552,0.9987003780718336,0041/Kindai_0041-tile-r14c8.jpg,ST,1.0,,
Kindai_0041,KK_41,69632,53760,2944,2944,2176,1680,92,92,26.256783963585434,24,19,321,14,9,1196,1288,736,828,38272,41216,23552,26496,0.9943289224952739,0041/Kindai_0041-tile-r14c9.jpg,ST,1.0,,
Kindai_0041,KK_41,69632,53760,2944,2944,2176,1680,92,92,26.256783963585434,24,19,322,14,10,1196,1288,828,920,38272,41216,26496,29440,0.9196597353497166,0041/Kindai_0041-tile-r14c10.jpg,UD,0.9999726,0.0,1.0
Kindai_0041,KK_41,69632,53760,2944,2944,2176,1680,92,92,26.256783963585434,24,19,323,14,11,1196,1288,920,1012,38272,41216,29440,32384,0.6831285444234405,,,,,
Kindai_0041,KK_41,69632,53760,2944,2944,2176,1680,92,92,26.256783963585434,24,19,324,14,12,1196,1288,1012,1104,38272,41216,32384,35328,0.4905482041587902,,,,,
Kindai_0041,KK_41,69632,53760,2944,2944,2176,1680,92,92,26.256783963585434,24,19,325,14,13,1196,1288,1104,1196,38272,41216,35328,38272,0.3707466918714556,,,,,
Kindai_0041,KK_41,69632,53760,2944,2944,2176,1680,92,92,26.256783963585434,24,19,326,14,14,1196,1288,1196,1288,38272,41216,38272,41216,0.6070415879017014,,,,,
Kindai_0041,KK_41,69632,53760,2944,2944,2176,1680,92,92,26.256783963585434,24,19,327,14,15,1196,1288,1288,1380,38272,41216,41216,44160,0.525992438563327,,,,,
Kindai_0041,KK_41,69632,53760,2944,2944,2176,1680,92,92,26.256783963585434,24,19,328,14,16,1196,1288,1380,1472,38272,41216,44160,47104,0.44565217391304346,,,,,
Kindai_0041,KK_41,69632,53760,2944,2944,2176,1680,92,92,26.256783963585434,24,19,329,14,17,1196,1288,1472,1564,38272,41216,47104,50048,0.32431474480151223,,,,,
Kindai_0041,KK_41,69632,53760,2944,2944,2176,1680,92,92,26.256783963585434,24,19,330,14,18,1196,1288,1564,1656,38272,41216,50048,52992,0.0022448015122873244,,,,,
Kindai_0041,KK_41,69632,53760,2944,2944,2176,1680,92,92,26.256783963585434,24,19,331,14,19,1196,1288,1656,1748,38272,41216,52992,55936,0.0,,,,,
Kindai_0041,KK_41,69632,53760,2944,2944,2176,1680,92,92,26.256783963585434,24,19,332,14,20,1196,1288,1748,1840,38272,41216,55936,58880,0.0,,,,,
Kindai_0041,KK_41,69632,53760,2944,2944,2176,1680,92,92,26.256783963585434,24,19,333,14,21,1196,1288,1840,1932,38272,41216,58880,61824,0.0,,,,,
Kindai_0041,KK_41,69632,53760,2944,2944,2176,1680,92,92,26.256783963585434,24,19,334,14,22,1196,1288,1932,2024,38272,41216,61824,64768,0.0,,,,,
Kindai_0041,KK_41,69632,53760,2944,2944,2176,1680,92,92,26.256783963585434,24,19,335,14,23,1196,1288,2024,2116,38272,41216,64768,67712,0.0,,,,,
Kindai_0041,KK_41,69632,53760,2944,2944,2176,1680,92,92,26.256783963585434,24,19,336,14,24,1196,1288,2116,2176,38272,41216,67712,69632,0.0,,,,,
Kindai_0041,KK_41,69632,53760,2944,2944,2176,1680,92,92,26.256783963585434,24,19,337,15,1,1288,1380,0,92,41216,44160,0,2944,0.0,,,,,
Kindai_0041,KK_41,69632,53760,2944,2944,2176,1680,92,92,26.256783963585434,24,19,338,15,2,1288,1380,92,184,41216,44160,2944,5888,0.0,,,,,
Kindai_0041,KK_41,69632,53760,2944,2944,2176,1680,92,92,26.256783963585434,24,19,339,15,3,1288,1380,184,276,41216,44160,5888,8832,0.1661153119092627,,,,,
Kindai_0041,KK_41,69632,53760,2944,2944,2176,1680,92,92,26.256783963585434,24,19,340,15,4,1288,1380,276,368,41216,44160,8832,11776,0.9274574669187146,0041/Kindai_0041-tile-r15c4.jpg,ST,1.0,,
Kindai_0041,KK_41,69632,53760,2944,2944,2176,1680,92,92,26.256783963585434,24,19,341,15,5,1288,1380,368,460,41216,44160,11776,14720,0.9998818525519849,0041/Kindai_0041-tile-r15c5.jpg,ST,1.0,,
Kindai_0041,KK_41,69632,53760,2944,2944,2176,1680,92,92,26.256783963585434,24,19,342,15,6,1288,1380,460,552,41216,44160,14720,17664,0.9888941398865785,0041/Kindai_0041-tile-r15c6.jpg,ST,1.0,,
Kindai_0041,KK_41,69632,53760,2944,2944,2176,1680,92,92,26.256783963585434,24,19,343,15,7,1288,1380,552,644,41216,44160,17664,20608,0.9937381852551985,0041/Kindai_0041-tile-r15c7.jpg,ST,1.0,,
Kindai_0041,KK_41,69632,53760,2944,2944,2176,1680,92,92,26.256783963585434,24,19,344,15,8,1288,1380,644,736,41216,44160,20608,23552,0.9996455576559546,0041/Kindai_0041-tile-r15c8.jpg,ST,1.0,,
Kindai_0041,KK_41,69632,53760,2944,2944,2176,1680,92,92,26.256783963585434,24,19,345,15,9,1288,1380,736,828,41216,44160,23552,26496,0.9996455576559546,0041/Kindai_0041-tile-r15c9.jpg,ST,1.0,,
Kindai_0041,KK_41,69632,53760,2944,2944,2176,1680,92,92,26.256783963585434,24,19,346,15,10,1288,1380,828,920,41216,44160,26496,29440,0.9997637051039697,0041/Kindai_0041-tile-r15c10.jpg,ST,1.0,,
Kindai_0041,KK_41,69632,53760,2944,2944,2176,1680,92,92,26.256783963585434,24,19,347,15,11,1288,1380,920,1012,41216,44160,29440,32384,0.9551039697542533,0041/Kindai_0041-tile-r15c11.jpg,PG,0.9998,0.0,1.0
Kindai_0041,KK_41,69632,53760,2944,2944,2176,1680,92,92,26.256783963585434,24,19,348,15,12,1288,1380,1012,1104,41216,44160,32384,35328,0.330812854442344,,,,,
Kindai_0041,KK_41,69632,53760,2944,2944,2176,1680,92,92,26.256783963585434,24,19,349,15,13,1288,1380,1104,1196,41216,44160,35328,38272,0.03922495274102076,,,,,
Kindai_0041,KK_41,69632,53760,2944,2944,2176,1680,92,92,26.256783963585434,24,19,350,15,14,1288,1380,1196,1288,41216,44160,38272,41216,0.05505671077504729,,,,,
Kindai_0041,KK_41,69632,53760,2944,2944,2176,1680,92,92,26.256783963585434,24,19,351,15,15,1288,1380,1288,1380,41216,44160,41216,44160,0.015241020793950781,,,,,
Kindai_0041,KK_41,69632,53760,2944,2944,2176,1680,92,92,26.256783963585434,24,19,352,15,16,1288,1380,1380,1472,41216,44160,44160,47104,0.0,,,,,
Kindai_0041,KK_41,69632,53760,2944,2944,2176,1680,92,92,26.256783963585434,24,19,353,15,17,1288,1380,1472,1564,41216,44160,47104,50048,0.0,,,,,
Kindai_0041,KK_41,69632,53760,2944,2944,2176,1680,92,92,26.256783963585434,24,19,354,15,18,1288,1380,1564,1656,41216,44160,50048,52992,0.0,,,,,
Kindai_0041,KK_41,69632,53760,2944,2944,2176,1680,92,92,26.256783963585434,24,19,355,15,19,1288,1380,1656,1748,41216,44160,52992,55936,0.0,,,,,
Kindai_0041,KK_41,69632,53760,2944,2944,2176,1680,92,92,26.256783963585434,24,19,356,15,20,1288,1380,1748,1840,41216,44160,55936,58880,0.0,,,,,
Kindai_0041,KK_41,69632,53760,2944,2944,2176,1680,92,92,26.256783963585434,24,19,357,15,21,1288,1380,1840,1932,41216,44160,58880,61824,0.0,,,,,
Kindai_0041,KK_41,69632,53760,2944,2944,2176,1680,92,92,26.256783963585434,24,19,358,15,22,1288,1380,1932,2024,41216,44160,61824,64768,0.0,,,,,
Kindai_0041,KK_41,69632,53760,2944,2944,2176,1680,92,92,26.256783963585434,24,19,359,15,23,1288,1380,2024,2116,41216,44160,64768,67712,0.0,,,,,
Kindai_0041,KK_41,69632,53760,2944,2944,2176,1680,92,92,26.256783963585434,24,19,360,15,24,1288,1380,2116,2176,41216,44160,67712,69632,0.0,,,,,
Kindai_0041,KK_41,69632,53760,2944,2944,2176,1680,92,92,26.256783963585434,24,19,361,16,1,1380,1472,0,92,44160,47104,0,2944,0.0,,,,,
Kindai_0041,KK_41,69632,53760,2944,2944,2176,1680,92,92,26.256783963585434,24,19,362,16,2,1380,1472,92,184,44160,47104,2944,5888,0.0,,,,,
Kindai_0041,KK_41,69632,53760,2944,2944,2176,1680,92,92,26.256783963585434,24,19,363,16,3,1380,1472,184,276,44160,47104,5888,8832,0.0,,,,,
Kindai_0041,KK_41,69632,53760,2944,2944,2176,1680,92,92,26.256783963585434,24,19,364,16,4,1380,1472,276,368,44160,47104,8832,11776,0.08175803402646509,,,,,
Kindai_0041,KK_41,69632,53760,2944,2944,2176,1680,92,92,26.256783963585434,24,19,365,16,5,1380,1472,368,460,44160,47104,11776,14720,0.30375708884688096,,,,,
Kindai_0041,KK_41,69632,53760,2944,2944,2176,1680,92,92,26.256783963585434,24,19,366,16,6,1380,1472,460,552,44160,47104,14720,17664,0.4318289224952741,,,,,
Kindai_0041,KK_41,69632,53760,2944,2944,2176,1680,92,92,26.256783963585434,24,19,367,16,7,1380,1472,552,644,44160,47104,17664,20608,0.9298204158790171,0041/Kindai_0041-tile-r16c7.jpg,ST,0.99999964,,
Kindai_0041,KK_41,69632,53760,2944,2944,2176,1680,92,92,26.256783963585434,24,19,368,16,8,1380,1472,644,736,44160,47104,20608,23552,0.9975189035916824,0041/Kindai_0041-tile-r16c8.jpg,ST,1.0,,
Kindai_0041,KK_41,69632,53760,2944,2944,2176,1680,92,92,26.256783963585434,24,19,369,16,9,1380,1472,736,828,44160,47104,23552,26496,0.9982277882797732,0041/Kindai_0041-tile-r16c9.jpg,ST,1.0,,
Kindai_0041,KK_41,69632,53760,2944,2944,2176,1680,92,92,26.256783963585434,24,19,370,16,10,1380,1472,828,920,44160,47104,26496,29440,1.0,0041/Kindai_0041-tile-r16c10.jpg,ST,1.0,,
Kindai_0041,KK_41,69632,53760,2944,2944,2176,1680,92,92,26.256783963585434,24,19,371,16,11,1380,1472,920,1012,44160,47104,29440,32384,0.9679820415879017,0041/Kindai_0041-tile-r16c11.jpg,ST,1.0,,
Kindai_0041,KK_41,69632,53760,2944,2944,2176,1680,92,92,26.256783963585434,24,19,372,16,12,1380,1472,1012,1104,44160,47104,32384,35328,0.8236058601134215,0041/Kindai_0041-tile-r16c12.jpg,ST,0.9975637,,
Kindai_0041,KK_41,69632,53760,2944,2944,2176,1680,92,92,26.256783963585434,24,19,373,16,13,1380,1472,1104,1196,44160,47104,35328,38272,0.8699196597353498,0041/Kindai_0041-tile-r16c13.jpg,ST,1.0,,
Kindai_0041,KK_41,69632,53760,2944,2944,2176,1680,92,92,26.256783963585434,24,19,374,16,14,1380,1472,1196,1288,44160,47104,38272,41216,0.9372637051039697,0041/Kindai_0041-tile-r16c14.jpg,ST,1.0,,
Kindai_0041,KK_41,69632,53760,2944,2944,2176,1680,92,92,26.256783963585434,24,19,375,16,15,1380,1472,1288,1380,44160,47104,41216,44160,0.5328449905482041,,,,,
Kindai_0041,KK_41,69632,53760,2944,2944,2176,1680,92,92,26.256783963585434,24,19,376,16,16,1380,1472,1380,1472,44160,47104,44160,47104,0.0,,,,,
Kindai_0041,KK_41,69632,53760,2944,2944,2176,1680,92,92,26.256783963585434,24,19,377,16,17,1380,1472,1472,1564,44160,47104,47104,50048,0.0,,,,,
Kindai_0041,KK_41,69632,53760,2944,2944,2176,1680,92,92,26.256783963585434,24,19,378,16,18,1380,1472,1564,1656,44160,47104,50048,52992,0.0,,,,,
Kindai_0041,KK_41,69632,53760,2944,2944,2176,1680,92,92,26.256783963585434,24,19,379,16,19,1380,1472,1656,1748,44160,47104,52992,55936,0.0,,,,,
Kindai_0041,KK_41,69632,53760,2944,2944,2176,1680,92,92,26.256783963585434,24,19,380,16,20,1380,1472,1748,1840,44160,47104,55936,58880,0.0,,,,,
Kindai_0041,KK_41,69632,53760,2944,2944,2176,1680,92,92,26.256783963585434,24,19,381,16,21,1380,1472,1840,1932,44160,47104,58880,61824,0.0,,,,,
Kindai_0041,KK_41,69632,53760,2944,2944,2176,1680,92,92,26.256783963585434,24,19,382,16,22,1380,1472,1932,2024,44160,47104,61824,64768,0.0,,,,,
Kindai_0041,KK_41,69632,53760,2944,2944,2176,1680,92,92,26.256783963585434,24,19,383,16,23,1380,1472,2024,2116,44160,47104,64768,67712,0.0,,,,,
Kindai_0041,KK_41,69632,53760,2944,2944,2176,1680,92,92,26.256783963585434,24,19,384,16,24,1380,1472,2116,2176,44160,47104,67712,69632,0.0,,,,,
Kindai_0041,KK_41,69632,53760,2944,2944,2176,1680,92,92,26.256783963585434,24,19,385,17,1,1472,1564,0,92,47104,50048,0,2944,0.0,,,,,
Kindai_0041,KK_41,69632,53760,2944,2944,2176,1680,92,92,26.256783963585434,24,19,386,17,2,1472,1564,92,184,47104,50048,2944,5888,0.0,,,,,
Kindai_0041,KK_41,69632,53760,2944,2944,2176,1680,92,92,26.256783963585434,24,19,387,17,3,1472,1564,184,276,47104,50048,5888,8832,0.0,,,,,
Kindai_0041,KK_41,69632,53760,2944,2944,2176,1680,92,92,26.256783963585434,24,19,388,17,4,1472,1564,276,368,47104,50048,8832,11776,0.0,,,,,
Kindai_0041,KK_41,69632,53760,2944,2944,2176,1680,92,92,26.256783963585434,24,19,389,17,5,1472,1564,368,460,47104,50048,11776,14720,0.0,,,,,
Kindai_0041,KK_41,69632,53760,2944,2944,2176,1680,92,92,26.256783963585434,24,19,390,17,6,1472,1564,460,552,47104,50048,14720,17664,0.0,,,,,
Kindai_0041,KK_41,69632,53760,2944,2944,2176,1680,92,92,26.256783963585434,24,19,391,17,7,1472,1564,552,644,47104,50048,17664,20608,0.20474952741020785,,,,,
Kindai_0041,KK_41,69632,53760,2944,2944,2176,1680,92,92,26.256783963585434,24,19,392,17,8,1472,1564,644,736,47104,50048,20608,23552,0.9080812854442344,0041/Kindai_0041-tile-r17c8.jpg,ST,1.0,,
Kindai_0041,KK_41,69632,53760,2944,2944,2176,1680,92,92,26.256783963585434,24,19,393,17,9,1472,1564,736,828,47104,50048,23552,26496,0.9994092627599244,0041/Kindai_0041-tile-r17c9.jpg,ST,1.0,,
Kindai_0041,KK_41,69632,53760,2944,2944,2176,1680,92,92,26.256783963585434,24,19,394,17,10,1472,1564,828,920,47104,50048,26496,29440,0.9996455576559546,0041/Kindai_0041-tile-r17c10.jpg,ST,1.0,,
Kindai_0041,KK_41,69632,53760,2944,2944,2176,1680,92,92,26.256783963585434,24,19,395,17,11,1472,1564,920,1012,47104,50048,29440,32384,0.9995274102079396,0041/Kindai_0041-tile-r17c11.jpg,ST,1.0,,
Kindai_0041,KK_41,69632,53760,2944,2944,2176,1680,92,92,26.256783963585434,24,19,396,17,12,1472,1564,1012,1104,47104,50048,32384,35328,0.996101134215501,0041/Kindai_0041-tile-r17c12.jpg,ST,1.0,,
Kindai_0041,KK_41,69632,53760,2944,2944,2176,1680,92,92,26.256783963585434,24,19,397,17,13,1472,1564,1104,1196,47104,50048,35328,38272,0.9594754253308129,0041/Kindai_0041-tile-r17c13.jpg,ST,1.0,,
Kindai_0041,KK_41,69632,53760,2944,2944,2176,1680,92,92,26.256783963585434,24,19,398,17,14,1472,1564,1196,1288,47104,50048,38272,41216,0.9899574669187146,0041/Kindai_0041-tile-r17c14.jpg,ST,1.0,,
Kindai_0041,KK_41,69632,53760,2944,2944,2176,1680,92,92,26.256783963585434,24,19,399,17,15,1472,1564,1288,1380,47104,50048,41216,44160,0.6167296786389413,,,,,
Kindai_0041,KK_41,69632,53760,2944,2944,2176,1680,92,92,26.256783963585434,24,19,400,17,16,1472,1564,1380,1472,47104,50048,44160,47104,0.0,,,,,
Kindai_0041,KK_41,69632,53760,2944,2944,2176,1680,92,92,26.256783963585434,24,19,401,17,17,1472,1564,1472,1564,47104,50048,47104,50048,0.0,,,,,
Kindai_0041,KK_41,69632,53760,2944,2944,2176,1680,92,92,26.256783963585434,24,19,402,17,18,1472,1564,1564,1656,47104,50048,50048,52992,0.0,,,,,
Kindai_0041,KK_41,69632,53760,2944,2944,2176,1680,92,92,26.256783963585434,24,19,403,17,19,1472,1564,1656,1748,47104,50048,52992,55936,0.0,,,,,
Kindai_0041,KK_41,69632,53760,2944,2944,2176,1680,92,92,26.256783963585434,24,19,404,17,20,1472,1564,1748,1840,47104,50048,55936,58880,0.0,,,,,
Kindai_0041,KK_41,69632,53760,2944,2944,2176,1680,92,92,26.256783963585434,24,19,405,17,21,1472,1564,1840,1932,47104,50048,58880,61824,0.0,,,,,
Kindai_0041,KK_41,69632,53760,2944,2944,2176,1680,92,92,26.256783963585434,24,19,406,17,22,1472,1564,1932,2024,47104,50048,61824,64768,0.0,,,,,
Kindai_0041,KK_41,69632,53760,2944,2944,2176,1680,92,92,26.256783963585434,24,19,407,17,23,1472,1564,2024,2116,47104,50048,64768,67712,0.0,,,,,
Kindai_0041,KK_41,69632,53760,2944,2944,2176,1680,92,92,26.256783963585434,24,19,408,17,24,1472,1564,2116,2176,47104,50048,67712,69632,0.0,,,,,
Kindai_0041,KK_41,69632,53760,2944,2944,2176,1680,92,92,26.256783963585434,24,19,409,18,1,1564,1656,0,92,50048,52992,0,2944,0.0,,,,,
Kindai_0041,KK_41,69632,53760,2944,2944,2176,1680,92,92,26.256783963585434,24,19,410,18,2,1564,1656,92,184,50048,52992,2944,5888,0.0,,,,,
Kindai_0041,KK_41,69632,53760,2944,2944,2176,1680,92,92,26.256783963585434,24,19,411,18,3,1564,1656,184,276,50048,52992,5888,8832,0.0,,,,,
Kindai_0041,KK_41,69632,53760,2944,2944,2176,1680,92,92,26.256783963585434,24,19,412,18,4,1564,1656,276,368,50048,52992,8832,11776,0.0,,,,,
Kindai_0041,KK_41,69632,53760,2944,2944,2176,1680,92,92,26.256783963585434,24,19,413,18,5,1564,1656,368,460,50048,52992,11776,14720,0.0,,,,,
Kindai_0041,KK_41,69632,53760,2944,2944,2176,1680,92,92,26.256783963585434,24,19,414,18,6,1564,1656,460,552,50048,52992,14720,17664,0.0,,,,,
Kindai_0041,KK_41,69632,53760,2944,2944,2176,1680,92,92,26.256783963585434,24,19,415,18,7,1564,1656,552,644,50048,52992,17664,20608,0.0,,,,,
Kindai_0041,KK_41,69632,53760,2944,2944,2176,1680,92,92,26.256783963585434,24,19,416,18,8,1564,1656,644,736,50048,52992,20608,23552,0.1700141776937619,,,,,
Kindai_0041,KK_41,69632,53760,2944,2944,2176,1680,92,92,26.256783963585434,24,19,417,18,9,1564,1656,736,828,50048,52992,23552,26496,0.5667533081285444,,,,,
Kindai_0041,KK_41,69632,53760,2944,2944,2176,1680,92,92,26.256783963585434,24,19,418,18,10,1564,1656,828,920,50048,52992,26496,29440,0.779891304347826,,,,,
Kindai_0041,KK_41,69632,53760,2944,2944,2176,1680,92,92,26.256783963585434,24,19,419,18,11,1564,1656,920,1012,50048,52992,29440,32384,0.7053402646502834,,,,,
Kindai_0041,KK_41,69632,53760,2944,2944,2176,1680,92,92,26.256783963585434,24,19,420,18,12,1564,1656,1012,1104,50048,52992,32384,35328,0.3956758034026466,,,,,
Kindai_0041,KK_41,69632,53760,2944,2944,2176,1680,92,92,26.256783963585434,24,19,421,18,13,1564,1656,1104,1196,50048,52992,35328,38272,0.5184310018903592,,,,,
Kindai_0041,KK_41,69632,53760,2944,2944,2176,1680,92,92,26.256783963585434,24,19,422,18,14,1564,1656,1196,1288,50048,52992,38272,41216,0.12015595463137999,,,,,
Kindai_0041,KK_41,69632,53760,2944,2944,2176,1680,92,92,26.256783963585434,24,19,423,18,15,1564,1656,1288,1380,50048,52992,41216,44160,0.00023629489603024467,,,,,
Kindai_0041,KK_41,69632,53760,2944,2944,2176,1680,92,92,26.256783963585434,24,19,424,18,16,1564,1656,1380,1472,50048,52992,44160,47104,0.0,,,,,
Kindai_0041,KK_41,69632,53760,2944,2944,2176,1680,92,92,26.256783963585434,24,19,425,18,17,1564,1656,1472,1564,50048,52992,47104,50048,0.0,,,,,
Kindai_0041,KK_41,69632,53760,2944,2944,2176,1680,92,92,26.256783963585434,24,19,426,18,18,1564,1656,1564,1656,50048,52992,50048,52992,0.0,,,,,
Kindai_0041,KK_41,69632,53760,2944,2944,2176,1680,92,92,26.256783963585434,24,19,427,18,19,1564,1656,1656,1748,50048,52992,52992,55936,0.0,,,,,
Kindai_0041,KK_41,69632,53760,2944,2944,2176,1680,92,92,26.256783963585434,24,19,428,18,20,1564,1656,1748,1840,50048,52992,55936,58880,0.0,,,,,
Kindai_0041,KK_41,69632,53760,2944,2944,2176,1680,92,92,26.256783963585434,24,19,429,18,21,1564,1656,1840,1932,50048,52992,58880,61824,0.0,,,,,
Kindai_0041,KK_41,69632,53760,2944,2944,2176,1680,92,92,26.256783963585434,24,19,430,18,22,1564,1656,1932,2024,50048,52992,61824,64768,0.0,,,,,
Kindai_0041,KK_41,69632,53760,2944,2944,2176,1680,92,92,26.256783963585434,24,19,431,18,23,1564,1656,2024,2116,50048,52992,64768,67712,0.0,,,,,
Kindai_0041,KK_41,69632,53760,2944,2944,2176,1680,92,92,26.256783963585434,24,19,432,18,24,1564,1656,2116,2176,50048,52992,67712,69632,0.0,,,,,
Kindai_0041,KK_41,69632,53760,2944,2944,2176,1680,92,92,26.256783963585434,24,19,433,19,1,1656,1680,0,92,52992,53760,0,2944,0.0,,,,,
Kindai_0041,KK_41,69632,53760,2944,2944,2176,1680,92,92,26.256783963585434,24,19,434,19,2,1656,1680,92,184,52992,53760,2944,5888,0.0,,,,,
Kindai_0041,KK_41,69632,53760,2944,2944,2176,1680,92,92,26.256783963585434,24,19,435,19,3,1656,1680,184,276,52992,53760,5888,8832,0.0,,,,,
Kindai_0041,KK_41,69632,53760,2944,2944,2176,1680,92,92,26.256783963585434,24,19,436,19,4,1656,1680,276,368,52992,53760,8832,11776,0.0,,,,,
Kindai_0041,KK_41,69632,53760,2944,2944,2176,1680,92,92,26.256783963585434,24,19,437,19,5,1656,1680,368,460,52992,53760,11776,14720,0.0,,,,,
Kindai_0041,KK_41,69632,53760,2944,2944,2176,1680,92,92,26.256783963585434,24,19,438,19,6,1656,1680,460,552,52992,53760,14720,17664,0.0,,,,,
Kindai_0041,KK_41,69632,53760,2944,2944,2176,1680,92,92,26.256783963585434,24,19,439,19,7,1656,1680,552,644,52992,53760,17664,20608,0.0,,,,,
Kindai_0041,KK_41,69632,53760,2944,2944,2176,1680,92,92,26.256783963585434,24,19,440,19,8,1656,1680,644,736,52992,53760,20608,23552,0.0,,,,,
Kindai_0041,KK_41,69632,53760,2944,2944,2176,1680,92,92,26.256783963585434,24,19,441,19,9,1656,1680,736,828,52992,53760,23552,26496,0.0,,,,,
Kindai_0041,KK_41,69632,53760,2944,2944,2176,1680,92,92,26.256783963585434,24,19,442,19,10,1656,1680,828,920,52992,53760,26496,29440,0.0,,,,,
Kindai_0041,KK_41,69632,53760,2944,2944,2176,1680,92,92,26.256783963585434,24,19,443,19,11,1656,1680,920,1012,52992,53760,29440,32384,0.0,,,,,
Kindai_0041,KK_41,69632,53760,2944,2944,2176,1680,92,92,26.256783963585434,24,19,444,19,12,1656,1680,1012,1104,52992,53760,32384,35328,0.0,,,,,
Kindai_0041,KK_41,69632,53760,2944,2944,2176,1680,92,92,26.256783963585434,24,19,445,19,13,1656,1680,1104,1196,52992,53760,35328,38272,0.0,,,,,
Kindai_0041,KK_41,69632,53760,2944,2944,2176,1680,92,92,26.256783963585434,24,19,446,19,14,1656,1680,1196,1288,52992,53760,38272,41216,0.0,,,,,
Kindai_0041,KK_41,69632,53760,2944,2944,2176,1680,92,92,26.256783963585434,24,19,447,19,15,1656,1680,1288,1380,52992,53760,41216,44160,0.0,,,,,
Kindai_0041,KK_41,69632,53760,2944,2944,2176,1680,92,92,26.256783963585434,24,19,448,19,16,1656,1680,1380,1472,52992,53760,44160,47104,0.0,,,,,
Kindai_0041,KK_41,69632,53760,2944,2944,2176,1680,92,92,26.256783963585434,24,19,449,19,17,1656,1680,1472,1564,52992,53760,47104,50048,0.0,,,,,
Kindai_0041,KK_41,69632,53760,2944,2944,2176,1680,92,92,26.256783963585434,24,19,450,19,18,1656,1680,1564,1656,52992,53760,50048,52992,0.0,,,,,
Kindai_0041,KK_41,69632,53760,2944,2944,2176,1680,92,92,26.256783963585434,24,19,451,19,19,1656,1680,1656,1748,52992,53760,52992,55936,0.0,,,,,
Kindai_0041,KK_41,69632,53760,2944,2944,2176,1680,92,92,26.256783963585434,24,19,452,19,20,1656,1680,1748,1840,52992,53760,55936,58880,0.0,,,,,
Kindai_0041,KK_41,69632,53760,2944,2944,2176,1680,92,92,26.256783963585434,24,19,453,19,21,1656,1680,1840,1932,52992,53760,58880,61824,0.0,,,,,
Kindai_0041,KK_41,69632,53760,2944,2944,2176,1680,92,92,26.256783963585434,24,19,454,19,22,1656,1680,1932,2024,52992,53760,61824,64768,0.0,,,,,
Kindai_0041,KK_41,69632,53760,2944,2944,2176,1680,92,92,26.256783963585434,24,19,455,19,23,1656,1680,2024,2116,52992,53760,64768,67712,0.0,,,,,
Kindai_0041,KK_41,69632,53760,2944,2944,2176,1680,92,92,26.256783963585434,24,19,456,19,24,1656,1680,2116,2176,52992,53760,67712,69632,0.0,,,,,
